tb_id,tb_short_name,tb_full_name,old_gosb_name,old_gosb_id,new_gosb_name,new_gosb_id,isu_branch_id,isu_branch_name,web_gosb_id,pirs_gosb_id,pirs_gosb_name,utc_timezone,timezone_violation_msk,region_id,region_name,inserted_dttm,author_login
52,ЮЗБ,Юго-Западный банк,Северо-Осетинское ГОСБ № 8632,8632,Северо-Осетинское ГОСБ № 8632,8632,23559.0,Северо-Осетинское,1075.0,8632.0,СЕВЕРО-ОСЕТИНСКОЕ ОТДЕЛЕНИЕ №8632,3,0,15.0,Республика Северная Осетия - Алания,2025-07-10 15:45:10,71545168 (Тестова Тестина Демовна [user00001@fake.test])
55,СЗБ,Северо-Западный банк,ГО по ЛО,9600,ГО по Ленинградской области,9056,15636.0,Ленинградская обл.,1097.0,9056.0,ГОЛОВНОЕ ОТДЕЛЕНИЕ ПО ЛЕНИНГРАДСКОЙ ОБЛАСТИ 9056,3,0,47.0,Ленинградская область,2025-07-10 15:45:10,71545168 (Тестова Тестина Демовна [user00001@fake.test])
42,ВВБ,Волго-Вятский банк,Кировское ГОСБ № 8612,8612,Кировское ГОСБ № 8612,8612,10878.0,Кировское,1049.0,8612.0,КИРОВСКОЕ ГОЛОВНОЕ ОТДЕЛЕНИЕ №8612,3,0,43.0,Кировская область,2025-07-10 15:45:10,71545168 (Тестова Тестина Демовна [user00001@fake.test])
38,МБ,Московский банк,Запад,3802,Аппарат МБ,9038,,Московский банк,1025.0,3802.0,ЗАПАДНОЕ,3,0,,,2025-07-10 15:45:10,71545168 (Тестова Тестина Демовна [user00001@fake.test])
44,СибБ,Сибирский банк,Аппарат СибБ,440000,Аппарат СибБ,440000,10863.0,Сибирский банк,1066.0,8047.0,НОВОСИБИРСКОЕ ГОЛОВНОЕ ОТДЕЛЕНИЕ №8047,7,4,,,2025-07-10 15:45:10,71545168 (Тестова Тестина Демовна [user00001@fake.test])
70,ДВБ,Дальневосточный банк,Биробиджанское ГОСБ № 4157,4157,Биробиджанское ГОСБ № 4157,4157,19959.0,Биробиджанское,1099.0,4157.0,БИРОБИДЖАНСКОЕ ОТДЕЛЕНИЕ №4157,10,7,79.0,Еврейская АО,2025-07-10 15:45:10,71545168 (Тестова Тестина Демовна [user00001@fake.test])
2,ЦА,Центральный аппарат,Подразделения ЦА,99,Подразделения ЦА,99,,Подразделения ЦА,,-2.0,Подразделения ЦА,3,0,,,2025-07-10 15:45:10,71545168 (Тестова Тестина Демовна [user00001@fake.test])
52,ЮЗБ,Юго-Западный банк,Кабардино-Балкарское ГОСБ № 8631,8631,Кабардино-Балкарское ГОСБ № 8631,8631,23553.0,Кабардино-Балкарское,1074.0,8631.0,КАБАРДИНО-БАЛКАРСКОЕ ОТДЕЛЕНИЕ №8631,3,0,7.0,Кабардино-Балкарская Республика,2025-07-10 15:45:10,71545168 (Тестова Тестина Демовна [user00001@fake.test])
55,СЗБ,Северо-Западный банк,Калининградское ГОСБ № 8626,8626,Калининградское ГОСБ № 8626,8626,10897.0,Калиниградское,1089.0,8626.0,КАЛИНИНГРАДСКОЕ ГОЛОВНОЕ ОТДЕЛЕНИЕ №8626,2,-1,39.0,Калининградская область,2025-07-10 15:45:10,71545168 (Тестова Тестина Демовна [user00001@fake.test])
42,ВВБ,Волго-Вятский банк,ГОСБ Банк Татарстан № 8610,8610,ГОСБ Банк Татарстан № 8610,8610,10876.0,Татарстан,1047.0,8610.0,БАНК ТАТАРСТАН ГОЛОВНОЕ ОТДЕЛЕНИЕ №8610,3,0,16.0,Республика Татарстан,2025-07-10 15:45:10,71545168 (Тестова Тестина Демовна [user00001@fake.test])
16,УБ,Уральский банк,Курганское ГОСБ № 8599,8599,Курганское ГОСБ № 8599,8599,4294.0,Курганское,1015.0,8599.0,КУРГАНСКОЕ ГОЛОВНОЕ ОТДЕЛЕНИЕ №8599,5,2,45.0,Курганская область,2025-07-10 15:45:10,71545168 (Тестова Тестина Демовна [user00001@fake.test])
55,СЗБ,Северо-Западный банк,Архангельское ГОСБ № 8637,4090,Архангельское ГОСБ № 8637,8637,4285.0,Архангельское,1094.0,8637.0,АРХАНГЕЛЬСКОЕ ГОЛОВНОЕ ОТДЕЛЕНИЕ №8637,3,0,29.0,Архангельская область,2025-07-10 15:45:10,71545168 (Тестова Тестина Демовна [user00001@fake.test])
38,МБ,Московский банк,Северо-Восток,3804,Аппарат МБ,9038,,Московский банк,1027.0,3804.0,СЕВЕРО-ВОСТОЧНОЕ,3,0,,,2025-07-10 15:45:10,71545168 (Тестова Тестина Демовна [user00001@fake.test])
16,УБ,Уральский банк,Западно-Сибирское отделение №8647,8647,Западно-Сибирское отделение №8647,8647,2534.0,Западно - Сибирское,1016.0,29.0,ТЮМЕНСКОЕ ГОЛОВНОЕ ОТДЕЛЕНИЕ №29,5,2,72.0,Тюменская область,2025-07-10 15:45:10,71545168 (Тестова Тестина Демовна [user00001@fake.test])
40,СРБ,Среднерусский банк,Калужское ГОСБ № 8608,8608,Калужское ГОСБ № 8608,8608,10873.0,Калужское,1040.0,8608.0,КАЛУЖСКОЕ ГОЛОВНОЕ ОТДЕЛЕНИЕ №8608,3,0,40.0,Калужская область,2025-07-10 15:45:10,71545168 (Тестова Тестина Демовна [user00001@fake.test])
55,СЗБ,Северо-Западный банк,Архангельское ГОСБ № 8637,9077,Архангельское ГОСБ № 8637,8637,4285.0,Архангельское,1094.0,8637.0,АРХАНГЕЛЬСКОЕ ГОЛОВНОЕ ОТДЕЛЕНИЕ №8637,3,0,29.0,Архангельская область,2025-07-10 15:45:10,71545168 (Тестова Тестина Демовна [user00001@fake.test])
52,ЮЗБ,Юго-Западный банк,Армавирское ОСБ № 8619/0550 (1827),1827,Краснодарское ГОСБ № 8619,8619,10889.0,Краснодарское,1072.0,8619.0,КРАСНОДАРСКОЕ ГОЛОВНОЕ ОТДЕЛЕНИЕ №8619,3,0,23.0,Краснодарский край,2025-07-10 15:45:10,71545168 (Тестова Тестина Демовна [user00001@fake.test])
16,УБ,Уральский банк,Югорское ГОСБ № 5940,5940,Югорское ГОСБ № 5940,5940,11622.0,Югорское,1010.0,5940.0,СУРГУТСКОЕ ОТДЕЛЕНИЕ №5940,5,2,86.0,Ханты-Мансийский АО - Югра,2025-07-10 15:45:10,71545168 (Тестова Тестина Демовна [user00001@fake.test])
13,ЦЧБ,Центрально-Черноземный банк,Липецкое ГОСБ № 8593,8593,Липецкое ГОСБ № 8593,8593,13441.0,Липецкое,1002.0,8593.0,ЛИПЕЦКОЕ ГОЛОВНОЕ ОТДЕЛЕНИЕ №8593,3,0,48.0,Липецкая область,2025-07-10 15:45:10,71545168 (Тестова Тестина Демовна [user00001@fake.test])
40,СРБ,Среднерусский банк,Тверское ГОСБ № 8607,8607,Тверское ГОСБ № 8607,8607,10872.0,Тверское,1039.0,8607.0,ТВЕРСКОЕ ГОЛОВНОЕ ОТДЕЛЕНИЕ №8607,3,0,69.0,Тверская область,2025-07-10 15:45:10,71545168 (Тестова Тестина Демовна [user00001@fake.test])
52,ЮЗБ,Юго-Западный банк,Пятигорское отделение,1007,Ставропольское ГОСБ № 5230,5230,23560.0,Ставорпольское,1068.0,5230.0,СТАВРОПОЛЬСКОЕ ГОЛОВНОЕ ОТДЕЛЕНИЕ №5230,3,0,26.0,Ставропольский край,2025-07-10 15:45:10,71545168 (Тестова Тестина Демовна [user00001@fake.test])
42,ВВБ,Волго-Вятский банк,ГОСБ Марий Эл № 8614,8614,ГОСБ Марий Эл № 8614,8614,10880.0,Марий Эл,1051.0,8614.0,МАРИЙ ЭЛ ГОЛОВНОЕ ОТДЕЛЕНИЕ №8614,3,0,12.0,Республика Марий Эл,2025-07-10 15:45:10,71545168 (Тестова Тестина Демовна [user00001@fake.test])
18,ББ,Байкальский банк,Братское отделение,2413,Братское отделение,2413,13630.0,Братское,1018.0,8586.0,ИРКУТСКОЕ ГОЛОВНОЕ ОТДЕЛЕНИЕ №8586,8,5,,,2025-07-10 15:45:10,71545168 (Тестова Тестина Демовна [user00001@fake.test])
38,МБ,Московский банк,КИЕВСКОЕ ОТДЕЛЕНИЕ,5278,Аппарат МБ,9038,,Московский банк,1025.0,3802.0,ЗАПАДНОЕ,3,0,,,2025-07-10 15:45:10,71545168 (Тестова Тестина Демовна [user00001@fake.test])
38,МБ,Московский банк,Запад,90382,Аппарат МБ,9038,,Московский банк,1025.0,3802.0,ЗАПАДНОЕ,3,0,,,2025-07-10 15:45:10,71545168 (Тестова Тестина Демовна [user00001@fake.test])
42,ВВБ,Волго-Вятский банк,Аппарат ВВБ,9049,Аппарат ВВБ,420000,10862.0,Волго-Вятский банк,1054.0,6984.0,ПЕРМСКОЕ ГОЛОВНОЕ ОТДЕЛЕНИЕ №6984,3,0,,,2025-07-10 15:45:10,71545168 (Тестова Тестина Демовна [user00001@fake.test])
13,ЦЧБ,Центрально-Черноземный банк,ГО по Воронежской области,9013,ГО по Воронежской области,9013,13444.0,Воронежское,1006.0,9013.0,ВОРОНЕЖСКОЕ ГОЛОВНОЕ ОТДЕЛЕНИЕ №9013,3,0,36.0,Воронежская область,2025-07-10 15:45:10,71545168 (Тестова Тестина Демовна [user00001@fake.test])
40,СРБ,Среднерусский банк,"""""""""""""""""""""""""""""",1021,Аппарат СРБ,400000,10861.0,Среднерусский банк,1044.0,904000000.0,АППАРАТ СРБ,3,0,,,2025-07-10 15:45:10,71545168 (Тестова Тестина Демовна [user00001@fake.test])
70,ДВБ,Дальневосточный банк,ГО по Хабаровскому краю,9070,ГО по Хабаровскому краю,9070,13439.0,Хабаровский край,1106.0,9070.0,ГОЛОВНОЕ ОТДЕЛЕНИЕ ПО ХАБАРОВСКОМУ КРАЮ,10,7,27.0,Хабаровский край,2025-07-10 15:45:10,71545168 (Тестова Тестина Демовна [user00001@fake.test])
52,ЮЗБ,Юго-Западный банк,Дагестанское ГОСБ № 8590,8590,Дагестанское ГОСБ № 8590,8590,23564.0,Дагестанское,1071.0,8590.0,ДАГЕСТАНСКОЕ ОТДЕЛЕНИЕ №8590,3,0,5.0,Республика Дагестан,2025-07-10 15:45:10,71545168 (Тестова Тестина Демовна [user00001@fake.test])
52,ЮЗБ,Юго-Западный банк,Чеченское ГОСБ № 8643,8643,Чеченское ГОСБ № 8643,8643,23561.0,Чеченское,1077.0,8643.0,ЧЕЧЕНСКОЕ ОТДЕЛЕНИЕ №8643,3,0,20.0,Чеченская Республика,2025-07-10 15:45:10,71545168 (Тестова Тестина Демовна [user00001@fake.test])
54,ПБ,Поволжский банк,Саратовское ГОСБ № 8622,8622,Саратовское ГОСБ № 8622,8622,10893.0,Саратовское,1083.0,8622.0,САРАТОВСКОЕ ГОЛОВНОЕ ОТДЕЛЕНИЕ №8622,4,1,64.0,Саратовская область,2025-07-10 15:45:10,71545168 (Тестова Тестина Демовна [user00001@fake.test])
55,СЗБ,Северо-Западный банк,ГО по Ленинградской области,9056,ГО по Ленинградской области,9056,15636.0,Ленинградская обл.,1097.0,9056.0,ГОЛОВНОЕ ОТДЕЛЕНИЕ ПО ЛЕНИНГРАДСКОЙ ОБЛАСТИ 9056,3,0,47.0,Ленинградская область,2025-07-10 15:45:10,71545168 (Тестова Тестина Демовна [user00001@fake.test])
38,МБ,Московский банк,Аппарат МБ,9038,Аппарат МБ,9038,10860.0,Московский банк,1030.0,2.0,ОПЕРУ СБЕРБАНКА РОССИИ,3,0,,,2025-07-10 15:45:10,71545168 (Тестова Тестина Демовна [user00001@fake.test])
16,УБ,Уральский банк,Башкирское ГОСБ № 8598,8598,Башкирское ГОСБ № 8598,8598,4293.0,Башкирское,1014.0,8598.0,БАШКИРСКОЕ ГОЛОВНОЕ ОТДЕЛЕНИЕ №8598,5,2,2.0,Республика Башкортостан,2025-07-10 15:45:10,71545168 (Тестова Тестина Демовна [user00001@fake.test])
40,СРБ,Среднерусский банк,Восточное ГО,1023,Восточное ГО,1023,13840.0,Восточное,1032.0,904000001.0,ВОСТОЧНОЕ ГОЛОВНОЕ ОТДЕЛЕНИЕ,3,0,,,2025-07-10 15:45:10,71545168 (Тестова Тестина Демовна [user00001@fake.test])
42,ВВБ,Волго-Вятский банк,Пермское ГОСБ № 6984,6984,Пермское ГОСБ № 6984,6984,10885.0,Пермское,1045.0,6984.0,ПЕРМСКОЕ ГОЛОВНОЕ ОТДЕЛЕНИЕ №6984,5,2,59.0,Пермский край,2025-07-10 15:45:10,71545168 (Тестова Тестина Демовна [user00001@fake.test])
52,ЮЗБ,Юго-Западный банк,Адыгейское ГОСБ № 8620,8620,Адыгейское ГОСБ № 8620,8620,19865.0,Адыгея,1073.0,8620.0,АДЫГЕЙСКОЕ ОТДЕЛЕНИЕ №8620,3,0,1.0,Республика Адыгея,2025-07-10 15:45:10,71545168 (Тестова Тестина Демовна [user00001@fake.test])
52,ЮЗБ,Юго-Западный банк,Центральное ОСБ № 1806,1806,Краснодарское ГОСБ № 8619,8619,10889.0,Краснодарское,1072.0,8619.0,КРАСНОДАРСКОЕ ГОЛОВНОЕ ОТДЕЛЕНИЕ №8619,3,0,23.0,Краснодарский край,2025-07-10 15:45:10,71545168 (Тестова Тестина Демовна [user00001@fake.test])
40,СРБ,Среднерусский банк,"""""""""""""""""""""""""""""",1012,Восточное ГО,1023,13840.0,Восточное,1032.0,904000001.0,ВОСТОЧНОЕ ГОЛОВНОЕ ОТДЕЛЕНИЕ,3,0,,,2025-07-10 15:45:10,71545168 (Тестова Тестина Демовна [user00001@fake.test])
54,ПБ,Поволжский банк,Аппарат ПВБ,540000,Аппарат ПВБ,540000,10866.0,Поволжский банк,1087.0,6991.0,САМАРСКОЕ ГОЛОВНОЕ ОТДЕЛЕНИЕ №6991,4,1,,,2025-07-10 15:45:10,71545168 (Тестова Тестина Демовна [user00001@fake.test])
55,СЗБ,Северо-Западный банк,"""""""""""""""""""""""""""""",77,Архангельское ГОСБ № 8637,8637,4285.0,Архангельское,1094.0,8637.0,АРХАНГЕЛЬСКОЕ ГОЛОВНОЕ ОТДЕЛЕНИЕ №8637,3,0,29.0,Архангельская область,2025-07-10 15:45:10,71545168 (Тестова Тестина Демовна [user00001@fake.test])
13,ЦЧБ,Центрально-Черноземный банк,Белгородское ГОСБ № 8592,8592,Белгородское ГОСБ № 8592,8592,4289.0,Белгородское,1001.0,8592.0,БЕЛГОРОДСКОЕ ГОЛОВНОЕ ОТДЕЛЕНИЕ №8592,3,0,31.0,Белгородская область,2025-07-10 15:45:10,71545168 (Тестова Тестина Демовна [user00001@fake.test])
18,ББ,Байкальский банк,Бурятское ГОСБ № 8601,8601,Бурятское ГОСБ № 8601,8601,4295.0,Бурятское,1021.0,8601.0,БУРЯТСКОЕ ГОЛОВНОЕ ОТДЕЛЕНИЕ №8601,8,5,3.0,Республика Бурятия,2025-07-10 15:45:10,71545168 (Тестова Тестина Демовна [user00001@fake.test])
52,ЮЗБ,Юго-Западный банк,Тимашевское ОСБ № 8619/0499 (1816),1816,Краснодарское ГОСБ № 8619,8619,10889.0,Краснодарское,1072.0,8619.0,КРАСНОДАРСКОЕ ГОЛОВНОЕ ОТДЕЛЕНИЕ №8619,3,0,23.0,Краснодарский край,2025-07-10 15:45:10,71545168 (Тестова Тестина Демовна [user00001@fake.test])
55,СЗБ,Северо-Западный банк,Коми ГОСБ № 8617,8617,Коми ГОСБ № 8617,8617,10886.0,Коми,1088.0,8617.0,КОМИ ГОЛОВНОЕ ОТДЕЛЕНИЕ №8617,3,0,11.0,Республика Коми,2025-07-10 15:45:10,71545168 (Тестова Тестина Демовна [user00001@fake.test])
2,ЦА,Центральный аппарат,Подразделения ЦА,999,Подразделения ЦА,99,,Подразделения ЦА,,-2.0,Подразделения ЦА,3,0,,,2025-07-10 15:45:10,71545168 (Тестова Тестина Демовна [user00001@fake.test])
54,ПБ,Поволжский банк,"""""""""""""""""""""""""""""",54,Аппарат ПВБ,540000,10866.0,Поволжский банк,1087.0,6991.0,САМАРСКОЕ ГОЛОВНОЕ ОТДЕЛЕНИЕ №6991,4,1,,,2025-07-10 15:45:10,71545168 (Тестова Тестина Демовна [user00001@fake.test])
16,УБ,Уральский банк,Ханты-Мансийское ГОСБ № 1791,1791,Ханты-Мансийское ГОСБ № 1791,1791,2927.0,Ханты-Мансийское,1009.0,1791.0,ХАНТЫ-МАНСИЙСКОЕ ОТДЕЛЕНИЕ №1791,5,2,,,2025-07-10 15:45:10,71545168 (Тестова Тестина Демовна [user00001@fake.test])
40,СРБ,Среднерусский банк,Аппарат СРБ,400000,Аппарат СРБ,400000,10861.0,Среднерусский банк,1044.0,904000000.0,АППАРАТ СРБ,3,0,,,2025-07-10 15:45:10,71545168 (Тестова Тестина Демовна [user00001@fake.test])
54,ПБ,Поволжский банк,Аппарат ПВБ,9054,Аппарат ПВБ,540000,10866.0,Поволжский банк,1087.0,6991.0,САМАРСКОЕ ГОЛОВНОЕ ОТДЕЛЕНИЕ №6991,4,1,,,2025-07-10 15:45:10,71545168 (Тестова Тестина Демовна [user00001@fake.test])
40,СРБ,Среднерусский банк,Смоленское ГОСБ № 8609,8609,Смоленское ГОСБ № 8609,8609,10874.0,Смоленское,1041.0,8609.0,СМОЛЕНСКОЕ ГОЛОВНОЕ ОТДЕЛЕНИЕ №8609,3,0,67.0,Смоленская область,2025-07-10 15:45:10,71545168 (Тестова Тестина Демовна [user00001@fake.test])
70,ДВБ,Дальневосточный банк,Чукотское отделение № 1009,1009,Чукотское ГО (на правах отдела),8557,,Чукотское,1101.0,8557.0,ЧУКОТСКОЕ ГОЛОВНОЕ ОТДЕЛЕНИЕ №8557,12,9,87.0,Чукотский АО,2025-07-10 15:45:10,71545168 (Тестова Тестина Демовна [user00001@fake.test])
38,МБ,Московский банк,Восток,90381,Аппарат МБ,9038,,Московский банк,1024.0,3801.0,ВОСТОЧНОЕ,3,0,,,2025-07-10 15:45:10,71545168 (Тестова Тестина Демовна [user00001@fake.test])
16,УБ,Уральский банк,Тюменское ГОСБ № 29,29,Западно-Сибирское отделение №8647,8647,2534.0,Западно - Сибирское,1016.0,29.0,ТЮМЕНСКОЕ ГОЛОВНОЕ ОТДЕЛЕНИЕ №29,5,2,72.0,Тюменская область,2025-07-10 15:45:10,71545168 (Тестова Тестина Демовна [user00001@fake.test])
44,СибБ,Сибирский банк,Спецфилиал ЦОД ОПЕРУ Сибирский банк,9944,ГО по Красноярскому краю,8646,23565.0,Красноярское,1065.0,8646.0,КРАСНОЯРСКОЕ ГОЛОВНОЕ ОТДЕЛЕНИЕ №8646,7,4,24.0,Красноярский край,2025-07-10 15:45:10,71545168 (Тестова Тестина Демовна [user00001@fake.test])
70,ДВБ,Дальневосточный банк,Южно-Сахалинское ГОСБ № 8567,8567,Южно-Сахалинское ГОСБ № 8567,8567,4281.0,Южно-Сахалинское,1102.0,8567.0,ЮЖНО-САХАЛИНСКОЕ ГОЛОВНОЕ ОТДЕЛЕНИЕ №8567,11,8,65.0,Сахалинская область,2025-07-10 15:45:10,71545168 (Тестова Тестина Демовна [user00001@fake.test])
38,МБ,Московский банк,Аппарат МБ,38,Аппарат МБ,9038,10860.0,Московский банк,1030.0,2.0,ОПЕРУ СБЕРБАНКА РОССИИ,3,0,,,2025-07-10 15:45:10,71545168 (Тестова Тестина Демовна [user00001@fake.test])
55,СЗБ,Северо-Западный банк,Псковское ГОСБ № 8630,8630,Псковское ГОСБ № 8630,8630,10901.0,Псковское,1093.0,8630.0,ПСКОВСКОЕ ГОЛОВНОЕ ОТДЕЛЕНИЕ №8630,3,0,60.0,Псковская область,2025-07-10 15:45:10,71545168 (Тестова Тестина Демовна [user00001@fake.test])
38,МБ,Московский банк,Северо-Восток,90384,Аппарат МБ,9038,,Московский банк,1027.0,3804.0,СЕВЕРО-ВОСТОЧНОЕ,3,0,,,2025-07-10 15:45:10,71545168 (Тестова Тестина Демовна [user00001@fake.test])
16,УБ,Уральский банк,Аппарат УБ,160000,Аппарат УБ,160000,10857.0,Уральский Банк,1017.0,7003.0,СВЕРДЛОВСКОЕ ГОЛОВНОЕ ОТДЕЛЕНИЕ №7003,5,2,,,2025-07-10 15:45:10,71545168 (Тестова Тестина Демовна [user00001@fake.test])
44,СибБ,Сибирский банк,Кемеровское ГОСБ № 8615,8615,Кемеровское ГОСБ № 8615,8615,10882.0,Кемеровское,1061.0,8615.0,КЕМЕРОВСКОЕ ГОЛОВНОЕ ОТДЕЛЕНИЕ №8615,7,4,42.0,Кемеровская область,2025-07-10 15:45:10,71545168 (Тестова Тестина Демовна [user00001@fake.test])
70,ДВБ,Дальневосточный банк,Благовещенское ГОСБ № 8636,8636,Благовещенское ГОСБ № 8636,8636,4283.0,Благовещенское,1104.0,8636.0,БЛАГОВЕЩЕНСКОЕ ГОЛОВНОЕ ОТДЕЛЕНИЕ №8636,9,6,28.0,Амурская область,2025-07-10 15:45:10,71545168 (Тестова Тестина Демовна [user00001@fake.test])
38,МБ,Московский банк,Юго-Запад,3806,Аппарат МБ,9038,,Московский банк,1029.0,3806.0,ЮГО-ЗАПАДНОЕ,3,0,,,2025-07-10 15:45:10,71545168 (Тестова Тестина Демовна [user00001@fake.test])
40,СРБ,Среднерусский банк,Брянское ГОСБ № 8605,8605,Брянское ГОСБ № 8605,8605,4299.0,Брянское,1037.0,8605.0,БРЯНСКОЕ ГОЛОВНОЕ ОТДЕЛЕНИЕ №8605,3,0,32.0,Брянская область,2025-07-10 15:45:10,71545168 (Тестова Тестина Демовна [user00001@fake.test])
18,ББ,Байкальский банк,Аппарат ББ,9018,Аппарат ББ,180000,10858.0,Байкальский банк,1023.0,8586.0,ИРКУТСКОЕ ГОЛОВНОЕ ОТДЕЛЕНИЕ №8586,8,5,,,2025-07-10 15:45:10,71545168 (Тестова Тестина Демовна [user00001@fake.test])
54,ПБ,Поволжский банк,Автозаводское ГО,1039,Автозаводское ГО,1039,24601.0,Автозаводское,1079.0,8213.0,АВТОЗАВОДСКОЕ ГОЛОВНОЕ ОТДЕЛЕНИЕ №8213,3,0,,,2025-07-10 15:45:10,71545168 (Тестова Тестина Демовна [user00001@fake.test])
18,ББ,Байкальский банк,Якутское ГОСБ № 8603,8603,Якутское ГОСБ № 8603,8603,9436.0,Якутское,1022.0,8603.0,ЯКУТСКОЕ ГОЛОВНОЕ ОТДЕЛЕНИЕ №8603,9,6,14.0,Республика Саха (Якутия),2025-07-10 15:45:10,71545168 (Тестова Тестина Демовна [user00001@fake.test])
70,ДВБ,Дальневосточный банк,Приморское ГОСБ № 8635,8635,Приморское ГОСБ № 8635,8635,4282.0,Приморское,1103.0,8635.0,ПРИМОРСКОЕ ГОЛОВНОЕ ОТДЕЛЕНИЕ №8635,10,7,25.0,Приморский край,2025-07-10 15:45:10,71545168 (Тестова Тестина Демовна [user00001@fake.test])
38,МБ,Московский банк,Юг,3805,Аппарат МБ,9038,,Московский банк,1028.0,3805.0,ЮЖНОЕ,3,0,,,2025-07-10 15:45:10,71545168 (Тестова Тестина Демовна [user00001@fake.test])
16,УБ,Уральский банк,Салехардское ГОСБ № 1790,1790,Салехардское ГОСБ № 1790,1790,19866.0,Салехардское,1008.0,1790.0,САЛЕХАРДСКОЕ ОТДЕЛЕНИЕ №1790,5,2,,,2025-07-10 15:45:10,71545168 (Тестова Тестина Демовна [user00001@fake.test])
38,МБ,Московский банк,ОПЕРУ 9038,2,Аппарат МБ,9038,10860.0,Московский банк,1030.0,2.0,ОПЕРУ СБЕРБАНКА РОССИИ,3,0,,,2025-07-10 15:45:10,71545168 (Тестова Тестина Демовна [user00001@fake.test])
55,СЗБ,Северо-Западный банк,Новгородское ГОСБ № 8629,8629,Новгородское ГОСБ № 8629,8629,10900.0,Новгородское,1092.0,8629.0,НОВГОРОДСКОЕ ГОЛОВНОЕ ОТДЕЛЕНИЕ №8629,3,0,53.0,Новгородская область,2025-07-10 15:45:10,71545168 (Тестова Тестина Демовна [user00001@fake.test])
40,СРБ,Среднерусский банк,"""""""""""""""""""""""""""""",3000,Аппарат СРБ,400000,10861.0,Среднерусский банк,1044.0,904000000.0,АППАРАТ СРБ,3,0,,,2025-07-10 15:45:10,71545168 (Тестова Тестина Демовна [user00001@fake.test])
40,СРБ,Среднерусский банк,Южное ГО,1002,Южное ГО,1024,13841.0,Южное,1033.0,904000004.0,ЮЖНОЕ ГОЛОВНОЕ ОТДЕЛЕНИЕ,3,0,,,2025-07-10 15:45:10,71545168 (Тестова Тестина Демовна [user00001@fake.test])
40,СРБ,Среднерусский банк,"""""""""""""""""""""""""""""",904000000,Аппарат СРБ,400000,10861.0,Среднерусский банк,1044.0,904000000.0,АППАРАТ СРБ,3,0,,,2025-07-10 15:45:10,71545168 (Тестова Тестина Демовна [user00001@fake.test])
44,СибБ,Сибирский банк,Кызылское ГОСБ № 8591,8591,Кызылское ГОСБ №8591,8591,23567.0,Кызылское,1059.0,8591.0,КЫЗЫЛСКОЕ ГОЛОВНОЕ ОТДЕЛЕНИЕ №8591,7,4,17.0,Республика Тыва,2025-07-10 15:45:10,71545168 (Тестова Тестина Демовна [user00001@fake.test])
16,УБ,Уральский банк,Аппарат ЗСБ,670000,Западно-Сибирское отделение №8647,8647,2534.0,Западно - Сибирское,1016.0,29.0,ТЮМЕНСКОЕ ГОЛОВНОЕ ОТДЕЛЕНИЕ №29,5,2,72.0,Тюменская область,2025-07-10 15:45:10,71545168 (Тестова Тестина Демовна [user00001@fake.test])
52,ЮЗБ,Юго-Западный банк,Аппарат ЮЗБ,520000,Аппарат ЮЗБ,520000,10865.0,Юго-Западный банк,1078.0,5221.0,РОСТОВСКОЕ ГОЛОВНОЕ ОТДЕЛЕНИЕ №5221,3,0,,,2025-07-10 15:45:10,71545168 (Тестова Тестина Демовна [user00001@fake.test])
38,МБ,Московский банк,Север,90383,Аппарат МБ,9038,,Московский банк,1026.0,3803.0,СЕВЕРНОЕ,3,0,,,2025-07-10 15:45:10,71545168 (Тестова Тестина Демовна [user00001@fake.test])
38,МБ,Московский банк,Зеленоградское отделение №7954,7954,Аппарат МБ,9038,,Московский банк,1026.0,3803.0,СЕВЕРНОЕ,3,0,,,2025-07-10 15:45:10,71545168 (Тестова Тестина Демовна [user00001@fake.test])
52,ЮЗБ,Юго-Западный банк,Ростовское ГОСБ № 5521,5521,Ростовское ГОСБ № 5221,5221,10888.0,Ростовское,1067.0,,"""""""""""""""""""""""""""""",3,0,61.0,Ростовская область,2025-07-10 15:45:10,71545168 (Тестова Тестина Демовна [user00001@fake.test])
54,ПБ,Поволжский банк,Оренбургское ГОСБ № 8623,8623,Оренбургское ГОСБ № 8623,8623,10894.0,Оренбургское,1084.0,8623.0,ОРЕНБУРГСКОЕ ГОЛОВНОЕ ОТДЕЛЕНИЕ №8623,5,2,56.0,Оренбургская область,2025-07-10 15:45:10,71545168 (Тестова Тестина Демовна [user00001@fake.test])
52,ЮЗБ,Юго-Западный банк,ГО по Республике Крым,9052,ГО по Республике Крым,9052,,Республика Крым,,,"""""""""""""""""""""""""""""",3,0,91.0,Республика Крым,2025-07-10 15:45:10,71545168 (Тестова Тестина Демовна [user00001@fake.test])
54,ПБ,Поволжский банк,Самарское ГОСБ № 6991,6991,Самарское ГОСБ № 6991,6991,10890.0,Самарское,1080.0,6991.0,САМАРСКОЕ ГОЛОВНОЕ ОТДЕЛЕНИЕ №6991,4,1,63.0,Самарская область,2025-07-10 15:45:10,71545168 (Тестова Тестина Демовна [user00001@fake.test])
2,ЦА,Центральный аппарат,Подразделения ЦА,-2,Подразделения ЦА,99,,Подразделения ЦА,,-2.0,Подразделения ЦА,3,0,,,2025-07-10 15:45:10,71545168 (Тестова Тестина Демовна [user00001@fake.test])
16,УБ,Уральский банк,Нижневартовск,5939,Югорское ГОСБ № 5940,5940,11622.0,Югорское,1010.0,5940.0,СУРГУТСКОЕ ОТДЕЛЕНИЕ №5940,5,2,86.0,Ханты-Мансийский АО - Югра,2025-07-10 15:45:10,71545168 (Тестова Тестина Демовна [user00001@fake.test])
38,МБ,Московский банк,ЛЮБЛИНСКОЕ ОТДЕЛЕНИЕ,7977,Аппарат МБ,9038,,Московский банк,1028.0,3805.0,ЮЖНОЕ,3,0,,,2025-07-10 15:45:10,71545168 (Тестова Тестина Демовна [user00001@fake.test])
70,ДВБ,Дальневосточный банк,Аппарат ДВБ,700000,Аппарат ДВБ,700000,10870.0,Дальневосточный банк,1107.0,9070.0,ГОЛОВНОЕ ОТДЕЛЕНИЕ ПО ХАБАРОВСКОМУ КРАЮ,10,7,,,2025-07-10 15:45:10,71545168 (Тестова Тестина Демовна [user00001@fake.test])
42,ВВБ,Волго-Вятский банк,Владимирское ГОСБ № 8611,8611,Владимирское ГОСБ № 8611,8611,10877.0,Владимирское,1048.0,8611.0,ВЛАДИМИРСКОЕ ГОЛОВНОЕ ОТДЕЛЕНИЕ №8611,3,0,33.0,Владимирская область,2025-07-10 15:45:10,71545168 (Тестова Тестина Демовна [user00001@fake.test])
13,ЦЧБ,Центрально-Черноземный банк,Курское ГОСБ № 8596,8596,Курское ГОСБ № 8596,8596,13443.0,Курское,1005.0,8596.0,КУРСКОЕ ГОЛОВНОЕ ОТДЕЛЕНИЕ №8596,3,0,46.0,Курская область,2025-07-10 15:45:10,71545168 (Тестова Тестина Демовна [user00001@fake.test])
55,СЗБ,Северо-Западный банк,ГО по г. Санкт-Петербургу,9055,ГО по г. Санкт-Петербургу,9055,15635.0,Санкт- Петербургское,1096.0,9055.0,САНКТ-ПЕТЕРБУРГСКОЕ ГОЛОВНОЕ ОТДЕЛЕНИЕ 9055,3,0,78.0,г.Санкт-Петербург,2025-07-10 15:45:10,71545168 (Тестова Тестина Демовна [user00001@fake.test])
40,СРБ,Среднерусский банк,ЮЖНОЕ ГОЛОВНОЕ ОТДЕЛЕНИЕ,904000004,Южное ГО,1024,13841.0,Южное,1033.0,904000004.0,ЮЖНОЕ ГОЛОВНОЕ ОТДЕЛЕНИЕ,3,0,,,2025-07-10 15:45:10,71545168 (Тестова Тестина Демовна [user00001@fake.test])
54,ПБ,Поволжский банк,АВТОЗАВОДСКОЕ ГОЛОВНОЕ ОТДЕЛЕНИЕ №8213,8213,Автозаводское ГО,1039,24601.0,Автозаводское,1079.0,8213.0,АВТОЗАВОДСКОЕ ГОЛОВНОЕ ОТДЕЛЕНИЕ №8213,3,0,,,2025-07-10 15:45:10,71545168 (Тестова Тестина Демовна [user00001@fake.test])
13,ЦЧБ,Центрально-Черноземный банк,ГО по Луганской Народной Республике,9014,ГО по Луганской Народной Республике,9014,,ЛНР,,,"""""""""""""""""""""""""""""",3,0,94.0,Луганская Народная Республика,2025-07-10 15:45:10,71545168 (Тестова Тестина Демовна [user00001@fake.test])
44,СибБ,Сибирский банк,Абаканское ГОСБ № 8602,8602,Абаканское ГОСБ № 8602,8602,4297.0,Абаканское,1060.0,8646.0,КРАСНОЯРСКОЕ ГОЛОВНОЕ ОТДЕЛЕНИЕ №8646,7,4,19.0,Республика Хакасия,2025-07-10 15:45:10,71545168 (Тестова Тестина Демовна [user00001@fake.test])
13,ЦЧБ,Центрально-Черноземный банк,Тамбовское ГОСБ № 8594,8594,Тамбовское ГОСБ № 8594,8594,4290.0,Тамбовское,1003.0,8594.0,ТАМБОВСКОЕ ГОЛОВНОЕ ОТДЕЛЕНИЕ №8594,3,0,68.0,Тамбовская область,2025-07-10 15:45:10,71545168 (Тестова Тестина Демовна [user00001@fake.test])
42,ВВБ,Волго-Вятский банк,Удмуртское ГОСБ № 8618,4450,Удмуртское ГОСБ № 8618,8618,10887.0,Удмуртское,1052.0,8618.0,УДМУРТСКОЕ ГОЛОВНОЕ ОТДЕЛЕНИЕ №8618,4,1,18.0,Удмуртская Республика,2025-07-10 15:45:10,71545168 (Тестова Тестина Демовна [user00001@fake.test])
38,МБ,Московский банк,СРЕТЕНСКОЕ ОТДЕЛЕНИЕ,7981,Аппарат МБ,9038,,Московский банк,1027.0,3803.0,СЕВЕРНОЕ,3,0,,,2025-07-10 15:45:10,71545168 (Тестова Тестина Демовна [user00001@fake.test])
40,СРБ,Среднерусский банк,Ивановское ГОСБ № 8639,8639,Ивановское ГОСБ № 8639,8639,4287.0,Ивановское,1042.0,8639.0,ИВАНОВСКОЕ ГОЛОВНОЕ ОТДЕЛЕНИЕ №8639,3,0,37.0,Ивановская область,2025-07-10 15:45:10,71545168 (Тестова Тестина Демовна [user00001@fake.test])
52,ЮЗБ,Юго-Западный банк,Ростовский ГОСБ № 5221,7931,Ростовское ГОСБ № 5221,5221,10888.0,Ростовское,1067.0,5221.0,РОСТОВСКОЕ ГОЛОВНОЕ ОТДЕЛЕНИЕ №5221,3,0,61.0,Ростовская область,2025-07-10 15:45:10,71545168 (Тестова Тестина Демовна [user00001@fake.test])
44,СибБ,Сибирский банк,Омское ГОСБ № 8634,8634,Омское ГОСБ № 8634,8634,2535.0,Омское,1063.0,8634.0,ОМСКОЕ ГОЛОВНОЕ ОТДЕЛЕНИЕ №8634,6,3,55.0,Омская область,2025-07-10 15:45:10,71545168 (Тестова Тестина Демовна [user00001@fake.test])
38,МБ,Московский банк,ТВЕРСКОЕ ОТДЕЛЕНИЕ,7982,Аппарат МБ,9038,,Московский банк,1026.0,3803.0,СЕВЕРНОЕ,3,0,,,2025-07-10 15:45:10,71545168 (Тестова Тестина Демовна [user00001@fake.test])
40,СРБ,Среднерусский банк,Западное ГО,1025,Западное ГО,1025,9325.0,Западное,1034.0,904000002.0,ЗАПАДНОЕ ГОЛОВНОЕ ОТДЕЛЕНИЕ,3,0,,,2025-07-10 15:45:10,71545168 (Тестова Тестина Демовна [user00001@fake.test])
40,СРБ,Среднерусский банк,Северное ГО,1026,Северное ГО,1026,9324.0,Северное,1035.0,904000003.0,СЕВЕРНОЕ ГОЛОВНОЕ ОТДЕЛЕНИЕ,3,0,,,2025-07-10 15:45:10,71545168 (Тестова Тестина Демовна [user00001@fake.test])
55,СЗБ,Северо-Западный банк,Вологодское ГОСБ № 8638,8638,Вологодское ГОСБ № 8638,8638,4286.0,Вологодское,1095.0,8638.0,ВОЛОГОДСКОЕ ГОЛОВНОЕ ОТДЕЛЕНИЕ №8638,3,0,35.0,Вологодская область,2025-07-10 15:45:10,71545168 (Тестова Тестина Демовна [user00001@fake.test])
13,ЦЧБ,Центрально-Черноземный банк,Головное отделение по Воронежской обл.,1300,ГО по Воронежской области,9013,13444.0,Воронежское,1006.0,9013.0,ВОРОНЕЖСКОЕ ГОЛОВНОЕ ОТДЕЛЕНИЕ №9013,3,0,36.0,Воронежская область,2025-07-10 15:45:10,71545168 (Тестова Тестина Демовна [user00001@fake.test])
55,СЗБ,Северо-Западный банк,Ненецкое отделение № 1582,1582,Архангельское ГОСБ № 8637,8637,4285.0,Архангельское,1094.0,8637.0,АРХАНГЕЛЬСКОЕ ГОЛОВНОЕ ОТДЕЛЕНИЕ №8637,3,0,29.0,Архангельская область,2025-07-10 15:45:10,71545168 (Тестова Тестина Демовна [user00001@fake.test])
38,МБ,Московский банк,Восток,3801,Аппарат МБ,9038,,Московский банк,1024.0,3801.0,ВОСТОЧНОЕ,3,0,,,2025-07-10 15:45:10,71545168 (Тестова Тестина Демовна [user00001@fake.test])
38,МБ,Московский банк,Север,3803,Аппарат МБ,9038,,Московский банк,1026.0,3803.0,СЕВЕРНОЕ,3,0,,,2025-07-10 15:45:10,71545168 (Тестова Тестина Демовна [user00001@fake.test])
40,СРБ,Среднерусский банк,ВОСТОЧНОЕ ГОЛОВНОЕ ОТДЕЛЕНИЕ,904000001,Восточное ГО,1023,13840.0,Восточное,1032.0,904000001.0,ВОСТОЧНОЕ ГОЛОВНОЕ ОТДЕЛЕНИЕ,3,0,,,2025-07-10 15:45:10,71545168 (Тестова Тестина Демовна [user00001@fake.test])
52,ЮЗБ,Юго-Западный банк,Таганрогское ОСБ № 5221/0553 (1548),1548,Ростовское ГОСБ № 5221,5221,10888.0,Ростовское,1067.0,5221.0,РОСТОВСКОЕ ГОЛОВНОЕ ОТДЕЛЕНИЕ №5221,3,0,61.0,Ростовская область,2025-07-10 15:45:10,71545168 (Тестова Тестина Демовна [user00001@fake.test])
38,МБ,Московский банк,Юго-Запад,90386,Аппарат МБ,9038,,Московский банк,1029.0,3806.0,ЮГО-ЗАПАДНОЕ,3,0,,,2025-07-10 15:45:10,71545168 (Тестова Тестина Демовна [user00001@fake.test])
38,МБ,Московский банк,Юг,90385,Аппарат МБ,9038,,Московский банк,1028.0,3805.0,ЮЖНОЕ,3,0,,,2025-07-10 15:45:10,71545168 (Тестова Тестина Демовна [user00001@fake.test])
40,СРБ,Среднерусский банк,Рязанское ГОСБ № 8606,8606,Рязанское ГОСБ № 8606,8606,4300.0,Рязанское,1038.0,8606.0,РЯЗАНСКОЕ ГОЛОВНОЕ ОТДЕЛЕНИЕ №8606,3,0,62.0,Рязанская область,2025-07-10 15:45:10,71545168 (Тестова Тестина Демовна [user00001@fake.test])
55,СЗБ,Северо-Западный банк,Мурманское ГОСБ № 8627,8627,Мурманское ГОСБ № 8627,8627,10898.0,Мурманское,1090.0,8627.0,МУРМАНСКОЕ ГОЛОВНОЕ ОТДЕЛЕНИЕ №8627,3,0,51.0,Мурманская область,2025-07-10 15:45:10,71545168 (Тестова Тестина Демовна [user00001@fake.test])
40,СРБ,Среднерусский банк,СЕВЕРНОЕ ГОЛОВНОЕ ОТДЕЛЕНИЕ,904000003,Северное ГО,1026,9324.0,Северное,1035.0,904000003.0,СЕВЕРНОЕ ГОЛОВНОЕ ОТДЕЛЕНИЕ,3,0,,,2025-07-10 15:45:10,71545168 (Тестова Тестина Демовна [user00001@fake.test])
38,МБ,Московский банк,ЦАРИЦЫНСКОЕ ОТДЕЛЕНИЕ,7978,Аппарат МБ,9038,,Московский банк,1028.0,3805.0,ЮЖНОЕ,3,0,,,2025-07-10 15:45:10,71545168 (Тестова Тестина Демовна [user00001@fake.test])
44,СибБ,Сибирский банк,ГО по Красноярскому краю,8646,ГО по Красноярскому краю,8646,23565.0,Красноярское,1065.0,8646.0,КРАСНОЯРСКОЕ ГОЛОВНОЕ ОТДЕЛЕНИЕ №8646,7,4,24.0,Красноярский край,2025-07-10 15:45:10,71545168 (Тестова Тестина Демовна [user00001@fake.test])
52,ЮЗБ,Юго-Западный банк,"""""""""""""""""""""""""""""",52,Аппарат ЮЗБ,520000,10865.0,Юго-Западный банк,1078.0,5221.0,РОСТОВСКОЕ ГОЛОВНОЕ ОТДЕЛЕНИЕ №5221,3,0,,,2025-07-10 15:45:10,71545168 (Тестова Тестина Демовна [user00001@fake.test])
52,ЮЗБ,Юго-Западный банк,ГО по Донецкой Народной Республике,9053,ГО по Донецкой Народной Республике,9053,,ДНР,,,"""""""""""""""""""""""""""""",3,0,93.0,Донецкая Народная Республика,2025-07-10 15:45:10,71545168 (Тестова Тестина Демовна [user00001@fake.test])
44,СибБ,Сибирский банк,"""""""""""""""""""""""""""""",1027,Норильское отделение,1027,,Норильское,1055.0,8646.0,КРАСНОЯРСКОЕ ГОЛОВНОЕ ОТДЕЛЕНИЕ №8646,7,4,,,2025-07-10 15:45:10,71545168 (Тестова Тестина Демовна [user00001@fake.test])
52,ЮЗБ,Юго-Западный банк,Краснодарское ГОСБ № 8619,8619,Краснодарское ГОСБ № 8619,8619,10889.0,Краснодарское,1072.0,8619.0,КРАСНОДАРСКОЕ ГОЛОВНОЕ ОТДЕЛЕНИЕ №8619,3,0,23.0,Краснодарский край,2025-07-10 15:45:10,71545168 (Тестова Тестина Демовна [user00001@fake.test])
52,ЮЗБ,Юго-Западный банк,Ингушское ГОСБ № 8633,8633,Ингушское ГОСБ № 8633,8633,23563.0,Ингушское,1076.0,8633.0,ИНГУШСКОЕ ОТДЕЛЕНИЕ №8633,3,0,6.0,Республика Ингушетия,2025-07-10 15:45:10,71545168 (Тестова Тестина Демовна [user00001@fake.test])
54,ПБ,Поволжский банк,Астраханское ГОСБ № 8625,8625,Астраханское ГОСБ № 8625,8625,10896.0,Астраханское,1086.0,8625.0,АСТРАХАНСКОЕ ГОЛОВНОЕ ОТДЕЛЕНИЕ №8625,4,1,30.0,Астраханская область,2025-07-10 15:45:10,71545168 (Тестова Тестина Демовна [user00001@fake.test])
13,ЦЧБ,Центрально-Черноземный банк,Орловское ГОСБ № 8595,8595,Орловское ГОСБ № 8595,8595,13442.0,Орловское,1004.0,8595.0,ОРЛОВСКОЕ ГОЛОВНОЕ ОТДЕЛЕНИЕ №8595,3,0,57.0,Орловская область,2025-07-10 15:45:10,71545168 (Тестова Тестина Демовна [user00001@fake.test])
70,ДВБ,Дальневосточный банк,Чукотское ГО (на правах отдела),8557,Чукотское ГО (на правах отдела),8557,19923.0,Чукотское,1101.0,8557.0,ЧУКОТСКОЕ ГОЛОВНОЕ ОТДЕЛЕНИЕ №8557,12,9,87.0,Чукотский АО,2025-07-10 15:45:10,71545168 (Тестова Тестина Демовна [user00001@fake.test])
16,УБ,Уральский банк,Свердловское ГОСБ № 7003,7003,Свердловское ГОСБ № 7003,7003,4291.0,Свердловское,1011.0,7003.0,СВЕРДЛОВСКОЕ ГОЛОВНОЕ ОТДЕЛЕНИЕ №7003,5,2,66.0,Свердловская область,2025-07-10 15:45:10,71545168 (Тестова Тестина Демовна [user00001@fake.test])
44,СибБ,Сибирский банк,Алтайское ГОСБ № 8644,8644,Алтайское ГОСБ №8644,8644,10884.0,Алтайское,1064.0,8644.0,АЛТАЙСКОЕ ГОЛОВНОЕ ОТДЕЛЕНИЕ №8644,7,4,4.0,Республика Алтай,2025-07-10 15:45:10,71545168 (Тестова Тестина Демовна [user00001@fake.test])
54,ПБ,Поволжский банк,Пензенское ГОСБ № 8624,8624,Пензенское ГОСБ № 8624,8624,10895.0,Пензенское,1085.0,8624.0,ПЕНЗЕНСКОЕ ГОЛОВНОЕ ОТДЕЛЕНИЕ №8624,3,0,58.0,Пензенская область,2025-07-10 15:45:10,71545168 (Тестова Тестина Демовна [user00001@fake.test])
42,ВВБ,Волго-Вятский банк,ГО по Нижегородской области,9042,ГО по Нижегородской области,9042,13430.0,Нижегородская обл.,1053.0,9042.0,ГОЛОВНОЕ ОТДЕЛЕНИЕ ПО НИЖЕГОРОДСКОЙ ОБЛАСТИ,3,0,52.0,Нижегородская область,2025-07-10 15:45:10,71545168 (Тестова Тестина Демовна [user00001@fake.test])
44,СибБ,Сибирский банк,Чукотское отделение № 1009,1009,Кемеровское ГОСБ № 8615,8615,,Кемеровское,1061.0,8615.0,КЕМЕРОВСКОЕ ГОЛОВНОЕ ОТДЕЛЕНИЕ №8615,7,4,42.0,Кемеровская область,2025-07-10 15:45:10,71545168 (Тестова Тестина Демовна [user00001@fake.test])
38,МБ,Московский банк,Мещанское отделение №7811,7811,Аппарат МБ,9038,,Московский банк,1027.0,3801.0,ВОСТОЧНОЕ,3,0,,,2025-07-10 15:45:10,71545168 (Тестова Тестина Демовна [user00001@fake.test])
40,СРБ,Среднерусский банк,"""""""""""""""""""""""""""""",9040,Аппарат СРБ,400000,10861.0,Среднерусский банк,1044.0,904000000.0,АППАРАТ СРБ,3,0,,,2025-07-10 15:45:10,71545168 (Тестова Тестина Демовна [user00001@fake.test])
38,МБ,Московский банк,СТРОМЫНСКОЕ ОТДЕЛЕНИЕ,5281,Аппарат МБ,9038,,Московский банк,1024.0,3801.0,ВОСТОЧНОЕ,3,0,,,2025-07-10 15:45:10,71545168 (Тестова Тестина Демовна [user00001@fake.test])
44,СибБ,Сибирский банк,Горно-Алтайское отделение №8558,8558,Алтайское ГОСБ №8644,8644,10884.0,Алтайское,1064.0,8644.0,АЛТАЙСКОЕ ГОЛОВНОЕ ОТДЕЛЕНИЕ №8644,7,4,4.0,Республика Алтай,2025-07-10 15:45:10,71545168 (Тестова Тестина Демовна [user00001@fake.test])
38,МБ,Московский банк,ЛЕФОРТОВСКОЕ ОТДЕЛЕНИЕ,6901,Аппарат МБ,9038,,Московский банк,1024.0,3801.0,ВОСТОЧНОЕ,3,0,,,2025-07-10 15:45:10,71545168 (Тестова Тестина Демовна [user00001@fake.test])
38,МБ,Московский банк,КРАСНОПРЕСНЕНСКОЕ ОТДЕЛЕНИЕ,1569,Аппарат МБ,9038,,Московский банк,1025.0,3802.0,ЗАПАДНОЕ,3,0,,,2025-07-10 15:45:10,71545168 (Тестова Тестина Демовна [user00001@fake.test])
44,СибБ,Сибирский банк,Новокузнецкое отделение,2363,Новокузнецкое отделение,2363,,Новокузнецкое,1056.0,8615.0,КЕМЕРОВСКОЕ ГОЛОВНОЕ ОТДЕЛЕНИЕ №8615,7,4,,,2025-07-10 15:45:10,71545168 (Тестова Тестина Демовна [user00001@fake.test])
52,ЮЗБ,Юго-Западный банк,Изобильненское ОСБ (на правах управления) Ставропольского ОСБ,1005,Ставропольское ГОСБ № 5230,5230,23560.0,Ставорпольское,1068.0,5230.0,СТАВРОПОЛЬСКОЕ ГОЛОВНОЕ ОТДЕЛЕНИЕ №5230,3,0,26.0,Ставропольский край,2025-07-10 15:45:10,71545168 (Тестова Тестина Демовна [user00001@fake.test])
18,ББ,Байкальский банк,Братское отделение № 1002,1002,Иркутское ГОСБ № 8586,8586,13627.0,Иркутское,1019.0,8586.0,ИРКУТСКОЕ ГОЛОВНОЕ ОТДЕЛЕНИЕ №8586,8,5,38.0,Иркутская область,2025-07-10 15:45:10,71545168 (Тестова Тестина Демовна [user00001@fake.test])
42,ВВБ,Волго-Вятский банк,Удмуртское ГОСБ № 8618,8618,Удмуртское ГОСБ № 8618,8618,10887.0,Удмуртское,1052.0,8618.0,УДМУРТСКОЕ ГОЛОВНОЕ ОТДЕЛЕНИЕ №8618,4,1,18.0,Удмуртская Республика,2025-07-10 15:45:10,71545168 (Тестова Тестина Демовна [user00001@fake.test])
44,СибБ,Сибирский банк,Новосибирское ГОСБ № 8047,8047,Новосибирское ГОСБ № 8047,8047,10881.0,Новосибирское,1058.0,8047.0,НОВОСИБИРСКОЕ ГОЛОВНОЕ ОТДЕЛЕНИЕ №8047,7,4,54.0,Новосибирская область,2025-07-10 15:45:10,71545168 (Тестова Тестина Демовна [user00001@fake.test])
52,ЮЗБ,Юго-Западный банк,Калмыцкое ГОСБ № 8579,8579,Калмыцкое ГОСБ № 8579,8579,23562.0,Калмыцкое,1069.0,8579.0,КАЛМЫЦКОЕ ОТДЕЛЕНИЕ №8579,3,0,8.0,Республика Калмыкия,2025-07-10 15:45:10,71545168 (Тестова Тестина Демовна [user00001@fake.test])
40,СРБ,Среднерусский банк,Южное ГО,1024,Южное ГО,1024,13841.0,Южное,1033.0,904000004.0,ЮЖНОЕ ГОЛОВНОЕ ОТДЕЛЕНИЕ,3,0,,,2025-07-10 15:45:10,71545168 (Тестова Тестина Демовна [user00001@fake.test])
54,ПБ,Поволжский банк,Волгоградское ГОСБ № 8621,8621,Волгоградское ГОСБ № 8621,8621,10892.0,Волгоградское,1082.0,8621.0,ВОЛГОГРАДСКОЕ ГОЛОВНОЕ ОТДЕЛЕНИЕ №8621,3,0,34.0,Волгоградская область,2025-07-10 15:45:10,71545168 (Тестова Тестина Демовна [user00001@fake.test])
38,МБ,Московский банк,Все Отдел/Сектор МБ,28,Аппарат МБ,9038,10860.0,Московский банк,1030.0,2.0,ОПЕРУ СБЕРБАНКА РОССИИ,3,0,,,2025-07-10 15:45:10,71545168 (Тестова Тестина Демовна [user00001@fake.test])
18,ББ,Байкальский банк,Читинское ГОСБ № 8600,8600,Читинское ГОСБ№ 8600,8600,13628.0,Читинское,1020.0,8600.0,ЧИТИНСКОЕ ГОЛОВНОЕ ОТДЕЛЕНИЕ №8600,9,6,75.0,Забайкальский край,2025-07-10 15:45:10,71545168 (Тестова Тестина Демовна [user00001@fake.test])
54,ПБ,Поволжский банк,Ульяновское ГОСБ № 8588,8588,Ульяновское ГОСБ № 8588,8588,10891.0,Ульяновское,1081.0,8588.0,УЛЬЯНОВСКОЕ ГОЛОВНОЕ ОТДЕЛЕНИЕ №8588,4,1,73.0,Ульяновская область,2025-07-10 15:45:10,71545168 (Тестова Тестина Демовна [user00001@fake.test])
40,СРБ,Среднерусский банк,Костромское ГОСБ № 8640,8640,Костромское ГОСБ № 8640,8640,4288.0,Костромское,1043.0,8640.0,КОСТРОМСКОЕ ГОЛОВНОЕ ОТДЕЛЕНИЕ №8640,3,0,44.0,Костромская область,2025-07-10 15:45:10,71545168 (Тестова Тестина Демовна [user00001@fake.test])
16,УБ,Уральский банк,Аппарат ЗСБ,9067,Западно-Сибирское отделение №8647,8647,2534.0,Западно - Сибирское,1016.0,29.0,ТЮМЕНСКОЕ ГОЛОВНОЕ ОТДЕЛЕНИЕ №29,5,2,72.0,Тюменская область,2025-07-10 15:45:10,71545168 (Тестова Тестина Демовна [user00001@fake.test])
16,УБ,Уральский банк,Аппарат УБ,9016,Аппарат УБ,160000,10857.0,Уральский Банк,1017.0,7003.0,СВЕРДЛОВСКОЕ ГОЛОВНОЕ ОТДЕЛЕНИЕ №7003,5,2,,,2025-07-10 15:45:10,71545168 (Тестова Тестина Демовна [user00001@fake.test])
42,ВВБ,Волго-Вятский банк,Аппарат ВВБ,420000,Аппарат ВВБ,420000,10862.0,Волго-Вятский банк,1054.0,6984.0,ПЕРМСКОЕ ГОЛОВНОЕ ОТДЕЛЕНИЕ №6984,3,0,,,2025-07-10 15:45:10,71545168 (Тестова Тестина Демовна [user00001@fake.test])
44,СибБ,Сибирский банк,Аппарат СибБ,9044,Аппарат СибБ,440000,10863.0,Сибирский банк,1066.0,8047.0,НОВОСИБИРСКОЕ ГОЛОВНОЕ ОТДЕЛЕНИЕ №8047,7,4,,,2025-07-10 15:45:10,71545168 (Тестова Тестина Демовна [user00001@fake.test])
18,ББ,Байкальский банк,Иркутское отделение № 8586,7690,Иркутское ГОСБ № 8586,8586,13627.0,Иркутское,1019.0,8586.0,ИРКУТСКОЕ ГОЛОВНОЕ ОТДЕЛЕНИЕ №8586,8,5,38.0,Иркутская область,2025-07-10 15:45:10,71545168 (Тестова Тестина Демовна [user00001@fake.test])
44,СибБ,Сибирский банк,Томское ГОСБ № 8616,8616,Томское ГОСБ № 8616,8616,10883.0,Томское,1062.0,8616.0,ТОМСКОЕ ГОЛОВНОЕ ОТДЕЛЕНИЕ №8616,7,4,70.0,Томская область,2025-07-10 15:45:10,71545168 (Тестова Тестина Демовна [user00001@fake.test])
38,МБ,Московский банк,ДОНСКОЕ ОТДЕЛЕНИЕ,7813,Аппарат МБ,9038,,Московский банк,1029.0,3806.0,ЮГО-ЗАПАДНОЕ,3,0,,,2025-07-10 15:45:10,71545168 (Тестова Тестина Демовна [user00001@fake.test])
18,ББ,Байкальский банк,Аппарат ББ,180000,Аппарат ББ,180000,10858.0,Байкальский банк,1023.0,8586.0,ИРКУТСКОЕ ГОЛОВНОЕ ОТДЕЛЕНИЕ №8586,8,5,,,2025-07-10 15:45:10,71545168 (Тестова Тестина Демовна [user00001@fake.test])
16,УБ,Уральский банк,Новоуренгойское ГОСБ № 8369,8369,Ямало-Ненецкое ГОСБ № 8369,8369,17992.0,Ямало-Ненецкое,1012.0,8369.0,НОВОУРЕНГОЙСКОЕ ОТДЕЛЕНИЕ №8369,5,2,89.0,Ямало-Ненецкий АО,2025-07-10 15:45:10,71545168 (Тестова Тестина Демовна [user00001@fake.test])
55,СЗБ,Северо-Западный банк,ГО по СПБ,9500,ГО по г. Санкт-Петербургу,9055,15635.0,Санкт- Петербургское,1096.0,9055.0,САНКТ-ПЕТЕРБУРГСКОЕ ГОЛОВНОЕ ОТДЕЛЕНИЕ 9055,3,0,78.0,г.Санкт-Петербург,2025-07-10 15:45:10,71545168 (Тестова Тестина Демовна [user00001@fake.test])
55,СЗБ,Северо-Западный банк,Карельское ГОСБ № 8628,8628,Карельское ГОСБ № 8628,8628,10899.0,Карельское,1091.0,8628.0,КАРЕЛЬСКОЕ ГОЛОВНОЕ ОТДЕЛЕНИЕ №8628,3,0,10.0,Республика Карелия,2025-07-10 15:45:10,71545168 (Тестова Тестина Демовна [user00001@fake.test])
52,ЮЗБ,Юго-Западный банк,Ставропольское ГОСБ № 5230,5230,Ставропольское ГОСБ № 5230,5230,23560.0,Ставорпольское,1068.0,5230.0,СТАВРОПОЛЬСКОЕ ГОЛОВНОЕ ОТДЕЛЕНИЕ №5230,3,0,26.0,Ставропольский край,2025-07-10 15:45:10,71545168 (Тестова Тестина Демовна [user00001@fake.test])
16,УБ,Уральский банк,Челябинское ГОСБ № 8597,8597,Челябинское ГОСБ № 8597,8597,4292.0,Челябинское,1013.0,8597.0,ЧЕЛЯБИНСКОЕ ГОЛОВНОЕ ОТДЕЛЕНИЕ №8597,5,2,74.0,Челябинская область,2025-07-10 15:45:10,71545168 (Тестова Тестина Демовна [user00001@fake.test])
40,СРБ,Среднерусский банк,ЗАПАДНОЕ ГОЛОВНОЕ ОТДЕЛЕНИЕ,904000002,Западное ГО,1025,9325.0,Западное,1034.0,904000002.0,ЗАПАДНОЕ ГОЛОВНОЕ ОТДЕЛЕНИЕ,3,0,,,2025-07-10 15:45:10,71545168 (Тестова Тестина Демовна [user00001@fake.test])
44,СибБ,Сибирский банк,Офис СО №9031/9031,9031,ГО по Красноярскому краю,8646,23565.0,Красноярское,1065.0,8646.0,КРАСНОЯРСКОЕ ГОЛОВНОЕ ОТДЕЛЕНИЕ №8646,7,4,24.0,Красноярский край,2025-07-10 15:45:10,71545168 (Тестова Тестина Демовна [user00001@fake.test])
52,ЮЗБ,Юго-Западный банк,Ростовское ГОСБ № 5221,5221,Ростовское ГОСБ № 5221,5221,10888.0,Ростовское,1067.0,5221.0,РОСТОВСКОЕ ГОЛОВНОЕ ОТДЕЛЕНИЕ №5221,3,0,61.0,Ростовская область,2025-07-10 15:45:10,71545168 (Тестова Тестина Демовна [user00001@fake.test])
52,ЮЗБ,Юго-Западный банк,Новороссийское отделение,68,Краснодарское ГОСБ № 8619,8619,10889.0,Краснодарское,1072.0,8619.0,КРАСНОДАРСКОЕ ГОЛОВНОЕ ОТДЕЛЕНИЕ №8619,3,0,23.0,Краснодарский край,2025-07-10 15:45:10,71545168 (Тестова Тестина Демовна [user00001@fake.test])
40,СРБ,Среднерусский банк,Тульское ГОСБ № 8604,8604,Тульское ГОСБ № 8604,8604,4298.0,Тульское,1036.0,8604.0,ТУЛЬСКОЕ ГОЛОВНОЕ ОТДЕЛЕНИЕ №8604,3,0,71.0,Тульская область,2025-07-10 15:45:10,71545168 (Тестова Тестина Демовна [user00001@fake.test])
52,ЮЗБ,Юго-Западный банк,Карачаево-Черкесское ГОСБ № 8585,8585,Карачаево-Черкесское ГОСБ № 8585,8585,23556.0,Карачаево-Черкесское,1070.0,8585.0,КАРАЧАЕВО-ЧЕРКЕССКОЕ ОТДЕЛЕНИЕ №8585,3,0,9.0,Карачаево-Черкесская Республика,2025-07-10 15:45:10,71545168 (Тестова Тестина Демовна [user00001@fake.test])
18,ББ,Байкальский банк,Иркутское ГОСБ № 8586,8586,Иркутское ГОСБ № 8586,8586,13627.0,Иркутское,1019.0,8586.0,ИРКУТСКОЕ ГОЛОВНОЕ ОТДЕЛЕНИЕ №8586,8,5,38.0,Иркутская область,2025-07-10 15:45:10,71545168 (Тестова Тестина Демовна [user00001@fake.test])
70,ДВБ,Дальневосточный банк,Северо-Восточное ГОСБ № 8645,8645,Северо-Восточное ГОСБ № 8645,8645,18109.0,Северо-Восточное,1105.0,8645.0,СЕВЕРО-ВОСТОЧНОЕ ОТДЕЛЕНИЕ №8645,11,8,49.0,Магаданская область,2025-07-10 15:45:10,71545168 (Тестова Тестина Демовна [user00001@fake.test])
42,ВВБ,Волго-Вятский банк,Мордовское ГОСБ № 8589,8589,Мордовское ГОСБ № 8589,8589,10875.0,Мордовское,1046.0,8589.0,МОРДОВСКОЕ ГОЛОВНОЕ ОТДЕЛЕНИЕ №8589,3,0,13.0,Республика Мордовия,2025-07-10 15:45:10,71545168 (Тестова Тестина Демовна [user00001@fake.test])
42,ВВБ,Волго-Вятский банк,Чувашское ГОСБ № 8613,8613,Чувашское ГОСБ № 8613,8613,10879.0,Чувашское,1050.0,8613.0,ЧУВАШСКОЕ ГОЛОВНОЕ ОТДЕЛЕНИЕ №8613,3,0,21.0,Чувашская Республика - Чувашия,2025-07-10 15:45:10,71545168 (Тестова Тестина Демовна [user00001@fake.test])
13,ЦЧБ,Центрально-Черноземный банк,Аппарат ЦЧБ,130000,Аппарат ЦЧБ,130000,10856.0,Центр.-Черноземный банк,1007.0,9013.0,ВОРОНЕЖСКОЕ ГОЛОВНОЕ ОТДЕЛЕНИЕ №9013,3,0,,,2025-07-10 15:45:10,71545168 (Тестова Тестина Демовна [user00001@fake.test])
44,СибБ,Сибирский банк,Норильское отделение,7449,Норильское отделение,7449,,Норильское,1057.0,8646.0,КРАСНОЯРСКОЕ ГОЛОВНОЕ ОТДЕЛЕНИЕ №8646,7,4,,,2025-07-10 15:45:10,71545168 (Тестова Тестина Демовна [user00001@fake.test])
38,МБ,Московский банк,ВЕРНАДСКОЕ ОТДЕЛЕНИЕ,7970,Аппарат МБ,9038,,Московский банк,1029.0,3806.0,ЮГО-ЗАПАДНОЕ,3,0,,,2025-07-10 15:45:10,71545168 (Тестова Тестина Демовна [user00001@fake.test])
16,УБ,Уральский банк,Сургутское ГОСБ № 5941,5941,Югорское ГОСБ № 5940,5940,11622.0,Югорское,1010.0,,"""""""""""""""""""""""""""""",5,2,86.0,Ханты-Мансийский АО - Югра,2025-07-10 15:45:10,71545168 (Тестова Тестина Демовна [user00001@fake.test])
40,СРБ,Среднерусский банк,Ярославское ГОСБ № 17,17,Ярославское ГОСБ № 17,17,4284.0,Ярославское,1031.0,17.0,ЯРОСЛАВСКОЕ ГОЛОВНОЕ ОТДЕЛЕНИЕ №17,3,0,76.0,Ярославская область,2025-07-10 15:45:10,71545168 (Тестова Тестина Демовна [user00001@fake.test])
55,СЗБ,Северо-Западный банк,Аппарат СЗБ,550000,Аппарат СЗБ,550000,10867.0,Северо-Западный банк,1098.0,9055.0,САНКТ-ПЕТЕРБУРГСКОЕ ГОЛОВНОЕ ОТДЕЛЕНИЕ 9055,3,0,,,2025-07-10 15:45:10,71545168 (Тестова Тестина Демовна [user00001@fake.test])
70,ДВБ,Дальневосточный банк,Камчатское ГОСБ № 8556,8556,Камчатское ГОСБ № 8556,8556,19960.0,Камчатское,1100.0,8556.0,КАМЧАТСКОЕ ГОЛОВНОЕ ОТДЕЛЕНИЕ №8556,12,9,41.0,Камчатский край,2025-07-10 15:45:10,71545168 (Тестова Тестина Демовна [user00001@fake.test])
55,СЗБ,Северо-Западный банк,Архангельское ГОСБ № 8637,8637,Архангельское ГОСБ № 8637,8637,4285.0,Архангельское,1094.0,8637.0,АРХАНГЕЛЬСКОЕ ГОЛОВНОЕ ОТДЕЛЕНИЕ №8637,3,0,29.0,Архангельская область,2025-07-10 15:45:10,71545168 (Тестова Тестина Демовна [user00001@fake.test])
